Title,Episodes,Country,Premiere Year,Final Year
001/7 Oyayubi Tom,,Japan,1967,1967
3000 Leagues in Search of Mother,52,Japan,1976,1976
A kockásfülű nyúl,,Hungary,1977,1979
A Rubovian Legend,,UK,1955,1955
Ace o Nerae!,26,Japan,1973,1974
Acrobunch,24,Japan,1982,1982
Adventures of Pow Wow,52,US,1949,1950
Adventures of the Gummi Bears,65,US,1985,1991
Adventures of the Little Koala,52,Japan,1984,1985
Aesop and Son,39,US,1959,1959
Ai no Gakko Cuore Monogatari,26,Japan,1981,1981
Ai Shite Knight,42,Japan,1983,1984
Akado Suzunosuke,,Japan,1972,1972
Akai Tori no Kokoro,,Japan,1979,1979
Akaki Chi no Eleven,52,Japan,1970,1971
Akane-chan,,Japan,1968,1968
Aku Dai Sakusen Srungle,12,Japan,1983,1983
Albegas,45,Japan,1983,1984
Alfons Åberg,,Sweden,1979,1979
Alias the Jester,13,UK,1985,1985
Alvin and the Chipmunks,102,US,1983,1990
Amigo and Friends,52,"Mexico, US",1979,1979
Andersen Monogatari,52,Japan,1971,1971
Angie Girl,26,Japan,1977,1978
Animal 1,,Japan,1968,1968
Animal Kwackers,,UK,1975,1975
Animation Kikou Marco Polo no Boken,,Japan,1979,1979
Anime Document Munchen E No Michi,,Japan,1972,1972
Anime Yasei No Sakebi,13,Japan,1982,1982
Animentari Ketsudan,,Japan,1971,1971
Anmitsu Hime,13,Japan,1986,1986
Anne of Green Gables,50,Japan,1979,1979
Aoki Ryusei SPT Layzner,13,Japan,1985,1985
Apache Yakyû-gun,,Japan,1971,1971
Aquaman,36,US,1967,1967
"Araa, Gudzulla Da To",,Japan,1967,1967
Arabian Knights,18,US,1968,1969
Arabian Nights: Sinbad's Adventures,52,Japan,1975,1976
Arago X-001,,France,1972,1973
Araiguma Rascal,52,Japan,1977,1977
Arcadia of My Youth: Endless Orbit SSX,22,Japan,1982,1983
Archibald le Magi-chien,46,"Japan, Belgium",1980,1981
Archie's TV Funnies,16,US,1971,1973
Armored Trooper Votoms,52,Japan,1983,1984
Around the World in 79 Days,17,US,1969,1971
Around the World with Willy Fog,26,"Spain, Japan",1983,1983
Arrow Emblem Hawk of the Grand Prix,44,Japan,1977,1978
Arthur! And the Square Knights of the Round Table,,Australia,1966,1966
Asari-chan,13,Japan,1982,1982
Ashita no Joe,79,Japan,1970,1971
Ashita no Joe 2,47,Japan,1980,1981
Ashita Tenki Ni Nare!,47,Japan,1984,1985
Astro and the Space Mutts,11,US,1981,1982
Astro Boy,193,Japan,1963,1966
Astro Boy,52,Japan,1980,1981
Astroganger,,Japan,1972,1972
Atom Ant,26,US,1965,1967
Attack No. 1,104,Japan,1969,1971
Attack on Tomorrow,23,Japan,1977,1977
Attacker You!,58,Japan,1984,1985
Aubrey,39,UK,1980,1980
Augie Doggie and Doggie Daddy,45,US,1959,1961
Aura Battler Dunbine,49,Japan,1983,1984
Babel II,39,Japan,1973,1973
Baggy Pants and the Nitwits,13,US,1977,1977
Bagpuss,13,UK,1974,1974
Bailey's Comets,32,US,1973,1975
Bakuhatsu Gorô,,Japan,1970,1970
Bamse,15,Sweden,1966,1981
Bananaman,40,UK,1983,1986
Barbapapa,,"France, Japan",1975,1975
Batfink,100,US,1966,1967
Battle of the Planets,85,"US, Japan",1978,1980
Baxinger,39,Japan,1982,1983
Beany and Cecil,26,US,1962,1969
Beast King GoLion,52,Japan,1981,1982
Belle and Sebastian,52,Japan,1981,1982
Bemubemu Hunter Kotengu Tenmaru,12,Japan,1983,1983
Bertha,13,UK,1985,1986
Big X,59,Japan,1964,1965
Bigfoot and the Muscle Machines,9,US,1985,1986
Birdman,40,US,1967,1968
Blackstar,13,US,1981,1982
Blast-Off Buzzard,13,US,1977,1977
Bleep and Booster,313,UK,1963,1977
Blocker Gundan 4 Machine Blaster,38,Japan,1976,1977
Bod,13,UK,1975,1975
Bojan the Bear,36,Slovenia,1985,1999
Bôken Gaboten-Jima,,Japan,1967,1967
Bôken Korobokkuru,26,Japan,1973,1973
Bôken Shônen Shadar,,Japan,1967,1967
Bolek i Lolek,150,Poland,1963,1986
Bosco Adventure,26,Japan,1986,1987
Bozo: The World's Most Famous Clown,156,US,1958,1962
Braiger,39,Japan,1981,1982
Brave Raideen,50,Japan,1975,1976
Breezly and Sneezly,23,US,1964,1965
Bucky and Pepito,36,US,1959,1959
Buford and the Galloping Ghost,13,US,1978,1979
Bug-Tte Honey,13,Japan,1986,1986
Butch Cassidy,13,US,1973,1973
Calimero,99,Japan,1974,1975
Calvin and the Colonel,26,US,1961,1962
Camberwick Green,,UK,1966,1966
Candy Candy,115,Japan,1976,1979
Capt'n Sailorbird,190,US,1959,1960
Captain,26,Japan,1983,1983
Captain Caveman and the Teen Angels,40,US,1977,1980
Captain Fathom,26,US,1965,1965
Captain Future,53,Japan,1978,1979
Captain Harlock and the Queen of 1000 Years,13,Japan,1985,1985
Captain Kangaroo,,US,1955,1984
Captain Pugwash,58,UK,1957,1998
Captain Scarlet and the Mysterons,,UK,1967,1967
Captain Tsubasa,128,Japan,1983,1986
Cartoon Party,,Canada,1959,1962
Casper and the Angels,13,US,1979,1979
Casshan,35,Japan,1973,1974
Cat's Eye,73,Japan,1983,1985
Cattanooga Cats,9,US,1969,1971
CB Bears,13,US,1977,1977
CBS Storybreak,26,US,1985,1987
Challenge of the GoBots,65,US,1984,1985
Challenge of the Super Friends,16,US,1978,1978
Chapi Chapo,60,France,1974,1975
Chargeman Ken!,65,Japan,1974,1974
Chibikko Kaiju Yadamon,,Japan,1967,1967
Chicken Takkun,124,Japan,1984,1984
Chie the Brat,103,Japan,1981,1983
Chigley,,UK,1969,1969
Chingo Muchabei,,Japan,1971,1971
Cho Denji Robo Combattler V,54,Japan,1976,1977
Chō Kōsoku Galvion,22,Japan,1984,1984
Cho Supercar Gattaiger,,Japan,1977,1977
Chōdenji Machine Voltes V,40,Japan,1977,1978
Chojin Sentai Barattack,31,Japan,1977,1978
Choriki Robo Galatt,25,Japan,1984,1984
Chorlton and the Wheelies,40,UK,1976,1979
Chuck Norris: Karate Kommandos,5,US,1986,1986
Clangers,26,UK,1969,1974
Clémentine,39,France,1985,1986
Clue Club,16,US,1976,1979
Clutch Cargo,52,US,1959,1959
Clyde Crashcup,26,US,1961,1961
Cockleshell Bay,104,UK,1980,1986
Colargol,13,France,1967,1974
Colonel Bleep,104,US,1957,1960
Combat Mecha Xabungle,50,Japan,1982,1983
Cool McCool,20,US,1966,1966
Coral no Tanken,,Japan,1979,1979
Courageous Cat and Minute Mouse,130,US,1960,1962
Crazylegs Crane,16,US,1978,1978
"Creamy Mami, the Magic Angel",52,Japan,1983,1984
Crusader Rabbit,195,US,1948,1959
Crystal Tipps and Alistair,50,UK,1971,1974
Cutie Honey,25,Japan,1973,1974
Cyborg 009,26,Japan,1968,1968
Daithi Lacha,,Ireland,1963,1969
Daltanius,47,Japan,1979,1980
Dame Oyaji,26,Japan,1974,1974
Dancouga – Super Beast Machine God,13,Japan,1985,1985
Danger Mouse,89,UK,1981,1992
Dash Kappei,26,Japan,1981,1981
Dastardly and Muttley in Their Flying Machines,34,US,1969,1970
Davey and Goliath,72,US,1960,1965
Davey and Goliath,72,US,1971,1973
Defenders of the Earth,65,US,1986,1987
"Demetan Croaker, The Boy Frog",39,Japan,1973,1973
Dennis the Menace,78,US,1986,1988
Deputy Dawg,34,US,1962,1963
Devilman,39,Japan,1972,1973
Devlin,16,US,1974,1974
"Dick Spanner, P.I.",22,UK,1986,1987
Dingbat and the Creeps,26,US,1980,1981
Dinky Dog,32,US,1978,1978
Dino Boy in the Lost Valley,20,US,1966,1968
Dinosaur War Izenborg,39,Japan,1977,1978
Dirty Pair,13,Japan,1985,1985
Dôbutsu Mura Monogatari,,Japan,1970,1970
Doc Potts,,US,1964,1964
Doctor Dolittle,17,United States,1970,1971
Doctor Snuggles,13,UK,1979,1979
"DoDo, The Kid from Outer Space",75,"UK, US",1965,1970
Dog of Flanders,52,Japan,1975,1975
Dogtanian and the Three Muskehounds,26,"Japan, Spain, UK",1981,1981
Dokaben,163,Japan,1976,1979
Dokachin,,Japan,1968,1968
Dokonjo Gaeru,,Japan,1972,1972
Dolphin Ôji,,Japan,1965,1965
Don Chuck Monogatari,26,Japan,1975,1975
Don Dracula,8,Japan,1982,1982
Donald Duck Presents,,US,1983,1992
Donkikko,,Japan,1965,1965
Donkikko,,Japan,1967,1967
Doraemon,26,Japan,1973,1973
Doraemon,1787,Japan,1979,Present
Dorimogu Daa!!,13,Japan,1986,1986
Dororo,26,Japan,1969,1969
Dororon Enma-kun,25,Japan,1973,1973
Doteraman,13,Japan,1986,1986
Dotonabe No Manner,,Japan,1984,1984
Dr. Slump & Arale-chan,243,Japan,1981,1986
Dragon Ball,153,Japan,1986,1989
Dragon's Lair,13,US,1984,1984
Drak Pack,16,US,1980,1981
Dudley Do-Right,39,US,1959,1959
Dungeons & Dragons,27,"US, Japan",1983,1986
"Dynomutt, Dog Wonder",20,US,1976,1977
Eagle Sam,51,Japan,1983,1984
Eitoman,56,Japan,1963,1964
Elves of the Forest,23,Japan,1984,1985
Emergency +4,23,US,1973,1973
Fables of the Green Forest,52,Japan,1973,1973
Fabulous Funnies,13,US,1978,1978
Famous Classic Tales,31,United States,1970,1984
Fang of the Sun Dougram,75,Japan,1981,1983
Fangface,32,US,1978,1980
Fantadroms,13,"Latvian SSR, Latvia",1985,1995
Fantastic Four,20,US,1967,1968
Fantastic Voyage,17,US,1968,1968
Fat Albert and the Cosby Kids,109,US,1972,1984
Felix the Cat,126,US,1959,1961
Festival of Family Classics,20,US,1972,1972
Fight Da!! Pyûta,,Japan,1968,1968
Fingerbobs,13,UK,1972,1972
Fingermouse,13,UK,1985,1985
Fist of the North Star,109,Japan,1984,1987
Foo-Foo,33,UK,1960,1962
Foofur,26,US,1986,1988
Force Five,26,Japan,1980,1980
Fractured Fairy Tales,91,US,1959,1959
Fraidy Cat,18,US,1975,1976
"Frakk, a macskák réme",,Hungary,1972,1987
Frankenstein Jr.,18,US,1966,1968
Fred and Barney Meet the Shmoo,13,US,1979,1980
Fred and Barney Meet the Thing,13,US,1979,1979
Fred Flintstone and Friends,16,US,1977,1978
Fuku-Chan: Yokoyama Ryuichi No Kessaku Anime,13,Japan,1982,1982
Fushigi no Kuni no Alice,52,Japan,1983,1984
Futari No Tama,,Japan,1984,1984
Future Boy Conan,26,Japan,1978,1978
Future Police Urashiman,,Japan,1983,1983
G-Force: Guardians of Space,85,"US, Japan",1986,1986
G.I. Joe: A Real American Hero,95,US,1983,1986
G.I. Joe: A Real American Hero,95,US,1989,1992
Gaiking,44,Japan,1976,1976
Galactic Patrol: Lensman,25,Japan,1984,1985
Galaxy Express 999,113,Japan,1978,1981
Galaxy Goof-Ups,13,US,1978,1979
Galaxy High,13,US,1986,1986
Galaxy Trio,20,US,1967,1968
Galtar and the Golden Lance,21,US,1985,1986
Game Center Arashi,26,Japan,1982,1982
Gan to Gon,260,Japan,1974,1975
Ganba no Bōken,26,Japan,1975,1975
Ganbare Kickers,13,Japan,1986,1986
Ganbare! Marine Kid,,Japan,1966,1966
Ganso Tensai Bakabon,103,Japan,1975,1977
Gatchaman Fighter,48,Japan,1979,1979
Gatchaman II,52,Japan,1978,1978
GeGeGe no Kitaro,65,Japan,1968,1969
GeGeGe no Kitaro,45,Japan,1971,1972
Gekisō! Ruben Kaiser,,Japan,1977,1977
Gekko Kamen,,Japan,1972,1972
Genesis Climber MOSPEADA,25,Japan,1983,1984
Genshi Shônen Ryû,,Japan,1971,1971
George of the Jungle,17,US,1967,1967
Getter Robo,51,Japan,1974,1975
Getter Robo G,39,Japan,1975,1976
Ghostbusters,65,US,1986,1986
Giant Gorg,26,Japan,1984,1984
Gilligan's Planet,13,US,1982,1983
Ginga Hyōryū Vifam,12,Japan,1983,1984
Ginga Patrol PJ,,Japan,1981,1981
Ginga Shônentai,,Japan,1963,1963
Ginga: Nagareboshi Gin,13,Japan,1986,1986
Ginguiser,,Japan,1977,1977
Glass Mask,23,Japan,1984,1984
Gloizer X,36,Japan,1976,1977
Go Go Gophers,,US,1966,1966
God Mazinger,23,Japan,1984,1984
Gokū no Daibōken,,Japan,1967,1967
Golden Warrior Gold Lightan,52,Japan,1981,1982
Goldie Gold and Action Jack,26,US,1981,1981
Goober and the Ghost Chasers,16,US,1973,1973
"Good Morning, Mickey!",80,US,1983,1992
Gordian Warrior,73,Japan,1979,1981
GoShogun,26,Japan,1981,1981
Gowappa 5 Gōdam,36,Japan,1976,1976
Gran,13,UK,1983,1983
Great Mazinger,56,Japan,1974,1975
Green Lantern,3,US,1967,1967
Grendizer,74,Japan,1975,1977
Groovie Goolies,16,United States,1970,1971
Gu-Gu Gunmo,26,Japan,1984,1985
Gusztáv,120,Hungary,1964,1977
Gyakuten! Ippatsuman,58,Japan,1982,1983
Haikara-san ga Tōru,42,Japan,1978,1979
Hajime Ningen Gyatôruzu,,Japan,1974,1974
Hanna-Barbera's World of Super Adventure,18,US,1980,1984
Happy Merry-Go-Round,50,"Soviet Union, Russia",1969,2017
Hariken Polymar,26,Japan,1974,1974
Harlem Globetrotters,22,United States,1970,1971
Harris no Kaze,,Japan,1966,1966
Hattytown Tales,26,UK,1969,1973
Hawkman,3,US,1967,1967
Hazedon,,Japan,1972,1972
He-Man and the Masters of the Universe,130,US,1983,1985
Heart Cocktail,13,Japan,1986,1986
Heathcliff,39,US,1980,1981
Heathcliff,86,"US, Canada, France, Japan",1984,1985
Heavy Metal L-Gaim,54,Japan,1984,1985
Hector Heathcote Show,,US,1963,1965
Hēi! Bumbū,13,Japan,1985,1985
"Heidi, Girl of the Alps",52,Japan,1974,1974
Hello! Sandybell,47,Japan,1981,1982
Help!... It's the Hair Bear Bunch!,16,US,1971,1972
Henry's Cat,,UK,1983,1992
Here Comes The Grump,,US,1969,1969
Herge's Adventures of Tintin,104,Belgium,1957,1964
Hero High,26,US,1981,1982
"Heyyy, It's the King!",13,US,1977,1977
High School Kimengumi,13,Japan,1985,1985
High Step Jun,13,Japan,1985,1985
Highschool Baseball Ninja,26,Japan,1978,1978
Hikari no Densetsu,13,Japan,1986,1986
Himitsu no Akko-chan,94,Japan,1969,1970
Hitotsuboshi-Ke No Ultra BaâSan,13,Japan,1982,1982
Hoka Hoka Kazoku,1428,Japan,1976,1982
Hokey Wolf,26,US,1960,1960
Honey Honey,29,Japan,1981,1982
Hong Kong Phooey,16,US,1974,1977
Honō no Alpen Rose: Judy & Randy,13,Japan,1985,1985
Hoppity Hooper,104,US,1964,1975
Hoshi no Ko Chobin,26,Japan,1974,1974
Hoshi no Ko Poron,260,Japan,1974,1975
Hoshi no Ôjisama Puchi Puransu,,Japan,1979,1979
Hot Wheels,17,US,1969,1971
Huckleberry no Bouken,,Japan,1976,1976
Hulk Hogan's Rock 'n' Wrestling,38,US,1985,1986
Hustle Punch,,Japan,1965,1966
I Am the Greatest: The Adventures of Muhammad Ali,13,US,1977,1977
Ie Naki Ko,51,Japan,1977,1978
Igano Kabamaru,24,Japan,1983,1984
Ijiwaru Bā-san,,Japan,1970,1970
Ikkyū-san,296,Japan,1975,1982
Inakappe Taishô,,Japan,1970,1970
"Inch High, Private Eye",13,US,1973,1973
Inhumanoids,13,US,1986,1986
Inspector Gadget,86,"US, Canada, France",1983,1986
Invincible Steel Man Daitarn 3,40,Japan,1978,1979
Invincible Super Man Zambot 3,23,Japan,1977,1978
Ippatsu Kanta-kun,53,Japan,1977,1978
It's Punky Brewster,26,US,1985,1986
It's the Wolf!,25,US,1969,1971
Itadakiman,20,Japan,1983,1983
Itazura Tenshi Chippo-Chan,,Japan,1970,1970
Ivor the Engine,40,UK,1959,1959
Ivor the Engine,,UK,1975,1975
Jabberjaw,16,US,1976,1978
James the Cat,52,UK,1984,1998
Jamie and the Magic Torch,39,UK,1976,1979
Jana of the Jungle,13,US,1978,1978
Janoschs Traumstunde,26,Germany,1986,1990
Jayce and the Wheeled Warriors,65,US,1985,1986
Jeannie,16,US,1973,1973
Jem,65,US,1985,1988
Jetter Mars,27,Japan,1977,1977
Jim and Judy in Teleland,52,US,1949,1949
Jim Botan,,Japan,1974,1974
Jim Henson's Little Muppet Monsters,3,US,1985,1985
Jimbo and the Jet Set,25,UK,1986,1987
Joe 90,,UK,1968,1968
Johnny Cypher in Dimension Zero,131,"US, Japan",1967,1967
Jonny Quest,26,US,1964,1965
Josephina the Whale,23,Japan,1979,1979
Josie and the Pussycats,16,United States,1970,1972
Josie and the Pussycats in Outer Space,16,US,1972,1974
JOT (TV series),,US,1965,1974
Journey to the Center of the Earth,17,US,1967,1969
Judo Boy,26,Japan,1969,1969
Jûdô Sanka,,Japan,1974,1974
Jungle Kurobe,,Japan,1973,1973
Justice League of America,3,US,1967,1967
Kaba Totto,300,Japan,1971,1972
Kagaku Boken Tai Tansa 5,34,Japan,1979,1979
Kaibutsu-kun,48,Japan,1968,1969
Kaibutsu-kun 2,188,Japan,1980,1982
Kaiketsu Pride,,Japan,1965,1965
Kaiketsu Tamagon,,Japan,1972,1972
Kaizoku Ôji,,Japan,1966,1966
Kaminari-Bôya Pikkari-Bî,,Japan,1967,1967
Kaminari-Bôya Pikkari-Bî,,Japan,1968,1968
Kamui the Ninja,26,Japan,1969,1969
Karate Baka Ichidai,47,Japan,1973,1973
Karınca Ailesi ve Orman,75,Turkey,1984,1988
"Katri, Girl of the Meadows",49,Japan,1984,1984
Kérem a következőt!,39,Hungary,1975,1983
Kick no Oni,,Japan,1970,1970
Kid Power,17,US,1972,1972
Kidd Video,26,US,1984,1985
Kideo TV,13,US,1986,1986
Kikou Kantai Dairugger XV,52,Japan,1982,1983
Kimba the White Lion,,Japan,1965,1967
King Arthur and the Knights of the Round Table,30,Japan,1979,1980
King Arthur: Prince on White Horse,22,Japan,1980,1980
King Leonardo and His Short Subjects,203,US,1960,1963
King Rollo,13,UK,1980,1980
Kinnikuman,137,Japan,1983,1986
Kinpatsu no Jeanie,,Japan,1979,1979
Kissyfur,26,US,1986,1990
Klondike Kat,,US,1966,1966
Koguma no Misha,,Japan,1979,1979
Konchû Monogatari Shin Minashigo Hutch,26,Japan,1974,1974
Koshika Monogatari,12,Japan,1983,1983
Kôya No Shônen Isamu,52,Japan,1973,1973
Kunimatsu-sama No Otôridai,,Japan,1971,1971
Kyoryu Tankentai Born Free,,Japan,1976,1977
La Linea,90,Italy,1971,1986
La Seine no Hoshi,39,Japan,1975,1975
Lady Georgie,45,Japan,1983,1984
Laff-A-Lympics,24,US,1977,1978
"Lalabel, The Magical Girl",49,Japan,1980,1981
Lassie's Rescue Rangers,15,US,1972,1973
"Laura, The Prairie Girl",26,Japan,1975,1976
Laurel and Hardy,156,US,1966,1966
Laverne & Shirley in the Army,13,US,1981,1981
Laverne & Shirley with the Fonz,8,US,1982,1983
Lazer Tag Academy,13,US,1986,1987
Le Manège Enchanté,,France,1963,1963
Leo the Lion,26,Japan,1966,1967
Leopold the Cat,11,USSR,1975,1987
Les Shadoks,,France,1968,1968
Linus the Lionhearted,39,US,1964,1969
Lippy the Lion & Hardy Har Har,52,US,1962,1963
Little El Cid No Bôken,12,Japan,1983,1983
Little Lulu,26,Japan,1976,1977
Little Pollon,46,Japan,1982,1983
Little Rascals Color Specials,,Japan,1966,1966
Little Wansa,,Japan,1973,1973
Little Women,26,Japan,1981,1981
Loveable Truly,,US,1964,1969
Lucky Luke,26,US,1983,1984
Lucy of the Southern Rainbow,50,Japan,1982,1982
Ludwig,,UK,1977,1977
Lupin III 1,23,Japan,1971,1972
Lupin III Part II,155,Japan,1977,1980
Lupin III Part III,50,Japan,1984,1985
M.A.S.K.,75,"US, Canada, France",1985,1986
M*U*S*H,30,US,1975,1976
Mach Go Go Go (Speed Racer in the U.S.),,Japan,1967,1967
Machine Hayabusa,,Japan,1976,1976
Machine Robo: Revenge of Cronos,,Japan,1986,1986
Maeterlinck's Blue Bird: Tyltyl and Mytyl's Adventurous Journey,26,Japan,1980,1980
"Magical Emi, the Magic Star",13,Japan,1985,1985
Magical Princess Minky Momo,63,Japan,1982,1983
Magilla Gorilla,31,US,1964,1967
Magne Robo Gakeen,39,Japan,1976,1977
Magyar népmesék,89,Hungary,1977,2011
Magyar népmesék,,Hungary,1978,1978
Mahō no Mako-chan,48,Japan,1970,1971
Mahō Tsukai Chappy,,Japan,1972,1972
Maison Ikkoku,96,Japan,1986,1988
Majokko Megu-chan,72,Japan,1974,1975
Majokko Tickle,45,Japan,1978,1979
Manga Aesop Monogatari,12,Japan,1983,1983
Manga Ijin Monogatari,,Japan,1977,1977
Manga Jinbutsushi,,Japan,1970,1970
Manga Mito Komo,,Japan,1981,1981
Manga Nihon Mukashi Banashi,,Japan,1975,1975
Manga Nippon Emaki,,Japan,1977,1977
Manta and Moray,7,US,1978,1978
Maple Town,13,Japan,1986,1987
Marine Boy,78,Japan,1969,1970
Marmaduke,13,US,1981,1981
Marude Dameo,52,Japan,1966,1967
Marvelous Melmo,26,Japan,1971,1972
"Mary, Mungo and Midge",,UK,1969,1969
Matty's Funday Funnies,,US,1959,1962
Maya the Honey Bee,52,Japan,1975,1976
Maya the Honey Bee,52,Japan,1982,1983
Mazinger Z,92,Japan,1972,1974
Meatballs & Spaghetti,25,US,1982,1983
Mechander Robo,35,Japan,1977,1977
Mel-O-Toons,26,US,1959,1960
Mézga család,39,Hungary,1968,1978
Micro Ventures,4,US,1968,1968
Microsuperman,,Japan,1973,1973
Mightor,36,US,1967,1968
Mighty Heroes,,US,1966,1966
Mighty Man and Yukk,,US,1979,1979
Mighty Mouse Playhouse,75,US,1955,1967
Mighty Orbots,13,"US, Japan",1984,1984
Milton the Monster,26,US,1965,1967
Mîmu Iro Iro Yume No Tabi,12,Japan,1983,1983
Minna no Uta,,Japan,1961,present
Mio Mao,98,Italy,1974,2006
Miracle Shoujo Limit-chan,,Japan,1973,1973
Miss Machiko,95,Japan,1981,1983
Mission: Magic!,16,US,1973,1973
Mister Magoo,27,US,1960,1960
Mister Pen-Pen,13,Japan,1986,1986
Misterjaw,34,US,1976,1976
Miyuki,37,Japan,1983,1984
Mobile Suit Gundam,43,Japan,1979,1980
Mobile Suit Gundam ZZ,47,Japan,1986,1987
Mobile Suit Zeta Gundam,50,Japan,1985,1985
Moby Dick,18,US,1967,1968
Mokku of the Oak Tree,52,Japan,1972,1973
Mon Chéri CoCo,,Japan,1972,1972
Monarch: The Big Bear of Tallac,,Japan,1977,1977
Monchhichi,26,Japan,1980,1980
Monchhichis,13,US,1983,1984
Monica's Gang,207,Brazil,1976,Present
Monica's Gang,188,Brazil,1982,2010
Monoshiri Daigaku Ashita No Calendar,,Japan,1966,1966
Moomin,,Japan,1969,1969
MoonDreamers,16,US,1986,1986
Mōretsu Atarō,90,Japan,1969,1970
Mork & Mindy animated series,26,US,1982,1983
Mork & Mindy/Laverne & Shirley/Fonz Hour,26,US,1982,1983
Moschops,13,UK,1983,1983
Motormouse and Autocat,34,US,1969,1971
Mr Benn,14,UK,1971,1972
Mr. Piper,,Canada,1963,1964
Mr. T,30,US,1983,1984
Mrs. Pepper Pot,50,Japan,1983,1984
Mu No Hakugei,26,Japan,1980,1980
Muppet Babies,107,US,1984,1991
Murun Buchstansangur,13,UK,1982,1988
Musashi no Ken,13,Japan,1985,1985
"Muteking, The Dashing Warrior",56,Japan,1980,1981
My Favorite Martians,16,US,1973,1973
My Little Pony 'n Friends,124,US,1984,1987
Nanako SOS,39,Japan,1983,1983
Naniwabushi Daisuki,13,Japan,1982,1982
New Adventures of the Space Explorers,,US,1959,1959
Nihon Tanjô,,Japan,1970,1970
Ninja Hattori-kun,26,Japan,1981,1981
Ninja Senshi Tobikage,43,Japan,1985,1986
Ninjaman Ippei,13,Japan,1982,1982
Noah and Nelly in... SkylArk,15,UK,1976,1977
Nobara no Julie,,Japan,1979,1979
Noddy,26,UK,1975,1975
Noggin the Nog,42,UK,1959,1965
Noozles,26,Japan,1984,1984
Norakuro,26,Japan,1970,1971
Obake no Q-tarō,,Japan,1965,1965
Off To See The Wizard,,US,1967,1967
Ogon Bat,,Japan,1967,1967
Oh! Family,13,Japan,1986,1986
Ohayo Spank,,Japan,1981,1981
Ojamanga Yamada-kun,103,Japan,1980,1982
Ōkami shônen Ken,86,Japan,1963,1965
Okawari Boy Starzan S,34,Japan,1984,1984
Onbu Obake,,Japan,1972,1972
Once Upon a Time... Man,26,France,1978,1978
Once Upon a Time... Space,26,France,1982,1982
Onegai! Samia-don,13,Japan,1985,1985
Oraa Guzura Dado,,Japan,1967,1967
Ore wa Teppei,28,Japan,1977,1977
Osomatsu-kun,60,Japan,1966,1967
Otanoshimi Anime Gekijô,,Japan,1970,1970
Otogi Manga Calendar,366,Japan,1961,1964
Otoko Do Ahô! Kôshien,,Japan,1970,1970
Otoko Ippiki Gaki Daishô,,Japan,1969,1969
Out of the Inkwell,100,US,1961,1962
Oyoneko Bunichan,,Japan,1984,1984
Pac-Man,44,US,1982,1983
Paddington,56,UK,1975,1986
Pandamonium,13,US,1982,1983
Panzer World Galient,25,Japan,1984,1984
Paris no Isabelle,,Japan,1979,1979
Partridge Family 2200 A.D.,16,US,1974,1974
"Pastel Yumi, the Magic Idol",13,Japan,1986,1986
Pat & Mat,129,Czech Republic,1976,1976
Patalliro!,13,Japan,1982,1982
Paul no Miracle Daisakusen,50,Japan,1976,1977
Paw Paws,21,US,1985,1986
Peabody's Improbable History,91,US,1959,1959
Perman,65,Japan,1967,1968
Perrine Monogatari,53,Japan,1978,1978
"Persia, the Magic Fairy",48,Japan,1984,1985
Peter Potamus and his Magic Flying Balloon,27,US,1964,1965
Peter Puck,,US,1975,1975
Piccolino no Bōken,52,Japan,1976,1977
Pigeon Street,13,UK,1981,1981
Pimpa,26,Italy,1982,1982
Pinch to Punch,,Japan,1969,1970
Pingu,157,"Switzerland, UK",1986,2006
Pingu,157,"Switzerland, UK",2017,2019
Pingwings,20,UK,1961,1964
Pink Panther and Sons,27,US,1984,1985
Pixie and Dixie and Mr. Jinks,57,US,1958,1962
Plawres Sanshiro,37,Japan,1983,1984
Pob's Programme,82,UK,1985,1990
Pogles' Wood,,UK,1966,1966
Pole Position,13,US,1984,1984
Popeye the Sailor,220,US,1960,1962
Popples,42,US,1986,1987
Posse Impossible,13,US,1977,1977
Postman Pat,167,UK,1981,2017
Potato Head Kids,23,US,1986,1987
Pound Puppies,26,US,1986,1987
Precious Pupp,26,US,1965,1966
Prince Planet,,Japan,1965,1966
Princess Knight,52,Japan,1967,1968
Princess Sara,46,Japan,1985,1985
Pro Golfer Saru,13,Japan,1985,1985
Professor Balthazar,,Croatia,1967,1967
Psycho Armor Govarian,26,Japan,1983,1983
Punkin' Puss & Mushmouse,23,US,1964,1967
Puppy's Further Adventures,13,US,1983,1984
Pyun Pyun Maru,,Japan,1967,1967
Q.T. Hush,100,US,1960,1961
Quaq Quao,26,Italy,1978,1978
Queen Millennia,42,Japan,1981,1982
Rainbow Brite,13,US,1984,1985
Rambo: The Force of Freedom,65,US,1986,1986
Rampoo,21,Japan,1984,1984
Reksio,65,Poland,1967,1988
Rescueman,52,Japan,1980,1981
Return to the Planet of the Apes,13,US,1975,1975
Richie Rich,62,US,1980,1984
Rickety Rocket,16,US,1979,1980
Ricochet Rabbit & Droop-a-Long,23,US,1964,1967
Risu no Banner,,Japan,1979,1979
Rittai Anime Ie Naki Ko,,Japan,1977,1977
Robby the Rascal,39,Japan,1982,1983
Robo Story,52,France,1985,1985
Robotan,,Japan,1966,1966
Robotech,85,"US, Japan",1985,1985
Robotix,15,US,1985,1986
Rocket Robin Hood,52,Canada,1966,1969
Rod Rocket,65,US,1963,1963
Roger Ramjet,156,US,1965,1965
Roobarb,30,UK,1974,1974
Roppô Yabure Kun,,Japan,1969,1969
Rory Racoon,,US,1964,1969
"Rubik, the Amazing Cube",13,US,1983,1984
Rubovia,,UK,1976,1976
Sabrina and the Groovie Goolies,,United States,1970,1970
"Sabrina, The Teenage Witch",,US,1969,1969
Sabu to Ichi Torimono Hikae,,Japan,1968,1968
Saikyo Robo Daiohja,,Japan,1981,1981
Saint Seiya,145,Japan,1986,1989
Sally and Jake,27,UK,1973,1974
Sally the Witch,109,Japan,1966,1968
Samson & Goliath (aka Young Samson and Goliath),26,US,1967,1968
Samurai Giants,,Japan,1973,1973
Sankokushi,13,Japan,1982,1982
Sarutobi Ecchan,26,Japan,1971,1972
Sasuga No Sarutobi,13,Japan,1982,1982
Sasuke,,Japan,1968,1968
Sasurai no Shojo Nell,,Japan,1979,1979
Sasuraiger,43,Japan,1983,1984
Saturday Supercade,26,US,1983,1985
Sazae-san,6342,Japan,1969,Present
Scary Scooby Funnies,20,US,1984,1985
Schoolhouse Rock!,78,US,1973,1985
Science Ninja Team Gatchaman,105,Japan,1972,1973
Science Ninja Team Gatchaman,105,Japan,1978,1980
Scooby-Doo and Scrappy-Doo,16,US,1979,1980
Scooby-Doo and Scrappy-Doo,33,US,1980,1982
"Scooby-Doo, Where Are You!",25,US,1969,1970
Scooby's All-Star Laff-A-Lympics,16,US,1977,1978
Scooby's Mystery Funhouse,13,US,1985,1986
Scrappy and Yabba-Doo,13,US,1982,1984
Seabert,26,France,1985,1985
Sealab 2020,13,US,1972,1972
Secret Squirrel,26,US,1965,1966
Sectaurs,5,US,1985,1985
Seishun Anime Zenshu,13,Japan,1986,1986
Sekai Monoshiri Ryokô,,Japan,1971,1971
Sekai no Osha King Kong Daikai,,Japan,1967,1967
Sennin Buraku,23,Japan,1963,1964
Serendipity the Pink Dragon,26,Japan,1983,1983
Servi'nin Fırçasından,30,Turkey,1985,1986
Seton Dôbutsuki Risu no Bannâ,,Japan,1979,1979
"Shake, Rattle, & Roll",13,US,1977,1977
Shazam!,13,US,1981,1982
Shazzan,36,US,1967,1968
She-Ra: Princess of Power,93,US,1985,1986
Sherlock Hound,26,Japan,1984,1985
Shin Muumin,52,Japan,1972,1972
Shin Obake No Q-tarô,,Japan,1971,1971
Shin Skyers 5,,Japan,1971,1971
Shin Taketori Monogatari Sennen Jo-O,13,Japan,1982,1982
Shin Tetsujin 28-Go,51,Japan,1980,1981
Shirt Tales,23,US,1982,1984
Shonen Ninja Kaze no Fujimaru,65,Japan,1964,1965
Silverhawks,65,"US, Japan",1986,1986
Sinbad Jr. and his Magic Belt,86,US,1965,1966
Six God Combination Godmars,64,Japan,1981,1982
Skyers 5,,Japan,1967,1967
Skyhawks,17,US,1969,1971
Snagglepuss,33,US,1961,1961
Snip and Snap,26,UK,1960,1960
Snooper and Blabber,45,US,1959,1959
Snorks,68,US,1984,1989
Snuffy Smith and Barney Google,27,US,1962,1962
So-Hi,,US,1964,1969
Sobakasu Pucchî,,Japan,1969,1969
Soya Monogatari,21,Japan,1984,1984
Space Ace,,Japan,1965,1966
Space Angel,45,US,1962,1964
Space Battleship Yamato,26,Japan,1974,1975
Space Battleship Yamato,26,Japan,1978,1979
Space Battleship Yamato,26,Japan,1980,1981
Space Battleship Yamato 2,26,Japan,1978,1979
Space Battleship Yamato III,25,Japan,1980,1981
Space Cobra,31,"Japan, France",1982,1983
Space Emperor God Sigma,50,Japan,1980,1981
Space Ghost,40,US,1966,1968
Space Kidettes,20,US,1966,1967
Space Patrol,,UK,1963,1963
Space Pirate Captain Harlock,42,Japan,1978,1979
Space Runaway Ideon,39,Japan,1980,1981
Space Sentinels,13,US,1977,1977
Space Stars,11,US,1981,1982
Space Warrior Baldios,34,Japan,1980,1981
Spaceship Sagittarius,77,Japan,1986,1987
Spartakus and the Sun Beneath the Sea,52,France,1985,1986
Special Armored Battalion Dorvack,36,Japan,1983,1984
Speed Buggy,16,US,1973,1973
Spider-Man,52,US,1967,1970
Spider-Man,26,US,1981,1982
Spider-Man and His Amazing Friends,24,US,1981,1983
Spider-Woman,16,US,1979,1980
Sport Billy,26,US,1980,1980
Spy Shadow,30,US,1967,1967
Squiddly Diddly,26,US,1965,1966
Star Blazers,,"Japan, US",1979,1979
Star Musketeer Bismarck,51,Japan,1984,1985
Star of the Giants,182,Japan,1968,1971
Star of the Giants,75,Japan,1977,1979
Star Trek: The Animated Series,22,US,1973,1974
Star Wars: Droids,13,US,1985,1986
Star Wars: Ewoks,35,US,1985,1986
Starzinger,73,Japan,1978,1979
Steel Jeeg,46,Japan,1975,1976
Story of the Alps: My Annette,48,Japan,1983,1983
Subarashii Sekai Ryoho: Alaska No Tabi: Daigo Hyogaki,,Japan,1967,1967
Sugar Bear,,US,1964,1964
Super Chicken,17,US,1967,1967
Super Dimension Cavalry Southern Cross,23,Japan,1984,1984
Super Friends,109,US,1973,1985
Super Friends,22,US,1980,1982
Super Friends: The Legendary Super Powers Show,8,US,1984,1985
Super Jetter Mirai Kawa Kita Shonen,,Japan,1965,1965
Super President,30,US,1967,1967
Super Sunday,58,US,1985,1986
Superbook,52,Japan,1981,1982
Superbook,26,Japan,1981,1982
Superbook II,26,Japan,1983,1983
Superboy,34,US,1966,1966
Superstretch and Microwoman,11,US,1978,1978
SuperTed,36,UK,1982,1986
Tales of the Wizard of Oz,200,"US, Canada",1961,1961
Taotao Ehonkan Sekai Doubutsu-Banashi,12,Japan,1983,1983
"Taro, Giant Of The Jungle",,Japan,1969,1969
Tarzan and the Super 7,33,US,1978,1980
"Tarzan, Lord of the Jungle",36,US,1976,1980
Tatakae! Osper,,Japan,1965,1965
Teen Force,11,US,1981,1982
Teen Titans,3,US,1967,1967
Teen Wolf,21,US,1986,1989
Tekkaman: The Space Knight,26,Japan,1975,1975
Tele-Comics/NBC Comics,165,US,1949,1951
Telebugs,86,UK,1986,1987
Temple the Balloonist,26,Japan,1977,1978
Tennessee Tuxedo and His Tales,70,US,1963,1966
Tensai Bakabon,213,Japan,1971,1972
Tensai Bakabon,213,Japan,1975,1977
Tentô Mushi No Uta,104,Japan,1974,1974
Terrahawks,39,UK,1983,1986
Tetsujin 28-Go (a.k.a. Gigantor),97,Japan,1963,1966
The 13 Ghosts of Scooby-Doo,13,US,1985,1985
The Abbott and Costello Cartoon Show,156,US,1967,1968
The ABC Saturday Superstar Movie,20,US,1972,1973
The Addams Family,16,US,1973,1973
The Adventures of Batman,34,US,1968,1969
The Adventures of Gulliver,,US,1968,1968
The Adventures of Hijitus,,Argentina,1967,1967
The Adventures of Hutch the Honeybee,91,Japan,1970,1971
The Adventures of Paddy the Pelican,6,US,1954,1954
The Adventures of Parsley,32,United Kingdom,1970,1971
The Adventures of Pepero,26,Japan,1975,1976
The Adventures of Portland Bill,26,UK,1983,1983
The Adventures Of Sebastyn,40,West Germany,1970,1976
The Adventures of Sir Prancelot,31,UK,1972,1972
The Adventures of Spunky and Tadpole,19,US,1958,1961
The Adventures of the Galaxy Rangers,65,US,1986,1989
The Adventures of The Little Prince,39,Japan,1978,1979
The Adventures of Tom Sawyer,49,Japan,1980,1980
The All-New Popeye Hour,64,US,1978,1983
The All-New Super Friends Hour,15,US,1977,1977
The Alvin Show,78,US,1961,1962
The Amazing 3,,Japan,1965,1966
The Amazing Adventures of Morph,26,UK,1980,1981
The Amazing Chan and the Chan Clan,16,US,1972,1972
The Archie Show,34,US,1968,1970
The Astronut Show,,US,1965,1965
The Atom,3,US,1967,1967
The Atom Ant/Secret Squirrel Show,26,US,1965,1966
The Banana Splits Adventure Hour,31,US,1968,1970
The Barkleys,13,US,1972,1972
The Batman/Superman Hour,34,US,1968,1969
The Batman/Tarzan Adventure Hour,,US,1977,1977
The Beagles,,US,1966,1966
The Beatles,39,"UK, US, AUS",1965,1967
The Berenstain Bears,26,US,1985,1987
The Big World of Little Adam,,US,1964,1964
The Biskitts,26,US,1983,1984
The Bluffers,13,Netherlands,1986,1986
The Blunders,30,UK,1986,1987
The Brady Kids,22,US,1972,1973
The Brown Hornet,,US,1979,1979
The Buford Files,13,US,1978,1979
The Bugs Bunny Show,,US,1960,2000
The Care Bears,57,"US, Canada",1985,1988
The Centurions,65,US,1986,1986
The Charlie Brown and Snoopy Show,18,US,1983,1985
The Dick Tracy Show,130,US,1961,1962
The Dudley Do-Right Show,38,US,1961,1970
The Dukes,20,US,1983,1983
The Family-Ness,25,UK,1984,1985
The Flash,3,US,1967,1967
The Flintstone Comedy Hour,16,US,1972,1973
The Flintstone Comedy Show,18,US,1980,1982
The Flintstone Funnies,,US,1982,1984
The Flintstone Kids,34,US,1986,1988
The Flintstones,166,US,1960,1966
The Flumps,,UK,1977,1977
The Flying House,52,Japan,1982,1983
The Fonz and the Happy Days Gang,24,US,1980,1982
The Freedom Force,5,US,1978,1978
The Funky Phantom,17,US,1971,1972
The Funny Company,,US,1963,1963
The Funtastic World of Hanna-Barbera,,US,1985,1994
The Galloping Ghost,13,US,1978,1979
The Gary Coleman Show,13,US,1982,1982
The Genie Family,52,Japan,1969,1970
The Gerald McBoing-Boing Show,,US,1956,1957
The Get Along Gang,14,Canada,1984,1985
The Glo Friends,26,US,1986,1987
The Godzilla Power Hour,26,"US, Japan",1978,1981
The Great Grape Ape Show,16,US,1975,1978
The Gumby Show,261,US,1955,1968
The Gumby Show,261,US,1988,1988
The Hanna-Barbera New Cartoon Series,52,US,1962,1963
The Hardy Boys,34,US,1969,1971
The Herbs,,UK,1968,1968
The Herculoids,18,US,1967,1968
The Hillbilly Bears,26,US,1965,1966
The Houndcats,13,US,1972,1972
The Huckleberry Hound Show,68,US,1958,1962
The Hunter,26,US,1960,1960
The Impossibles,36,US,1966,1966
The Incredible Hulk,13,US,1982,1983
The Invincible Robot Grikon V,39,Japan,1979,1980
The Jackson 5ive,23,"US, UK, Spain, Japan",1971,1973
The Jetsons,75,US,1962,1963
The Jetsons,75,US,1985,1987
The Kabocha Wine,95,Japan,1982,1984
The Kid Super Power Hour with Shazam!,26,US,1981,1981
The King Kong Show,25,"US, Canada, Japan",1966,1969
The Kingdom of Could Be You,,US,1973,1973
The Kwicky Koala Show,26,US,1981,1981
The Littl' Bits,26,Japan,1980,1980
The Little Green Man,13,UK,1985,1985
The Little Rascals,35,US,1982,1983
The Littles,29,US,1983,1986
The Lone Ranger,26,US,1966,1966
The Lone Ranger,28,US,1980,1980
The Magic Ball,26,UK,1971,1972
The Marvel Superheroes Show,,United States,1966,1966
The Merrie Melodies Show,24,US,1972,1972
The Mickey Mouse Club,360,US,1955,1963
The Mickey Mouse Club,360,US,1973,1977
The Mickey Mouse Club,360,US,1979,1982
The Mickey Mouse Club,360,US,1989,1990
The Mickey Mouse Club,360,US,1994,1996
The Mighty Hercules,128,"US, Canada, Japan",1963,1966
The Monchhichis/Little Rascals/Richie Rich Show,13,US,1983,1984
The Most Important Person,,US,1972,1972
The Mouse Factory,43,US,1972,1973
The Mumbly Cartoon Show,16,US,1976,1977
The Mysterious Cities of Gold,39,"Japan, France",1982,1983
The New 3 Stooges,156,US,1965,1965
The New Adventures of Batman,16,US,1977,1977
The New Adventures of Flash Gordon,32,US,1979,1980
The New Adventures of Gilligan,24,US,1974,1975
The New Adventures of Huckleberry Finn,20,US,1968,1969
The New Adventures of Jonny Quest,13,US,1986,1987
The New Adventures of Mighty Mouse and Heckle & Jeckle,32,US,1979,1980
The New Adventures of Pinocchio,136,"US, Canada, Japan",1960,1961
The New Adventures of Superman,68,US,1966,1970
The New Adventures of Zorro,13,US,1981,1981
The New Archie and Sabrina Hour,13,US,1977,1977
The New Casper Cartoon Show,26,US,1963,1963
The New Fantastic Four,13,US,1978,1978
The New Fat Albert Show,,US,1979,1979
The New Fred and Barney Show,17,US,1979,1979
The New Scooby and Scrappy-Doo Show,13,US,1983,1983
The New Scooby-Doo Movies,24,US,1972,1974
The New Scooby-Doo Mysteries,13,US,1984,1984
The New Shmoo,16,US,1979,1979
The Nutty Squirrels Present,30,US,1960,1961
The Oddball Couple,16,US,1975,1975
The Osmonds,17,US,1972,1973
The Pac-Man/Little Rascals/Richie Rich Show,13,US,1982,1983
The Pebbles and Bamm-Bamm Show,20,US,1971,1972
The Perils of Penelope Pitstop,17,US,1969,1970
The Perishers,20,UK,1979,1979
The Pink Panther Show,,US,1969,1969
The Plastic Man Comedy-Adventure Show,130,US,1979,1979
The Pogles,,UK,1965,1965
The Porky Pig Show,26,US,1964,1964
The Puppetoon Show,7,US,1949,1950
The Puppy's Further Adventures,13,US,1982,1984
The Quick Draw McGraw Show,45,US,1959,1962
The Raccoons,60,Canada,1985,1991
The Raggy Dolls,117,UK,1986,1994
The Real Ghostbusters,140,US,1986,1991
The Reluctant Dragon and Mr. Toad Show,,"United States, Canada, Japan",1970,1971
The Richie Rich/Scooby-Doo Show,26,US,1980,1980
The Road Runner Show,,US,1966,1966
The Robonic Stooges,32,US,1977,1978
The Rocky and Bullwinkle Show,163,US,1959,1964
The Roman Holidays,13,US,1972,1972
The Rose of Versailles,41,Japan,1979,1980
The Ruff and Reddy Show,156,US,1957,1960
The Scooby & Scrappy-Doo/Puppy Hour,13,US,1982,1983
The Scooby-Doo Show,40,US,1976,1978
The Scooby-Doo/Dynomutt Hour,16,US,1976,1976
The Secret Lives of Waldo Kitty,13,US,1975,1975
The Skatebirds,16,US,1977,1978
The Smokey Bear Show,,"US, Canada, Japan",1969,1971
The Smurfs,256,US,1981,1989
The Space Explorers,26,US,1958,1959
"The Story of Pollyanna, Girl of Love",51,Japan,1986,1986
The Super 6,13,US,1966,1966
The Super Dimension Century Orguss,35,Japan,1983,1984
The Super Dimension Fortress Macross,36,Japan,1982,1983
The Super Globetrotters,13,US,1979,1979
The Super Powers Team: Galactic Guardians,8,US,1985,1985
The Superman/Aquaman Hour of Adventure,36,US,1967,1968
The Swiss Family Robinson: Flone of the Mysterious Island,50,Japan,1981,1981
The Tarzan/Lone Ranger Adventure Hour,26,US,1980,1980
The Thing,13,US,1979,1979
The Three Musketeers,18,US,1968,1969
The Tom and Jerry Comedy Show,30,US,1980,1982
The Tom and Jerry Show,48,US,1975,1975
The Tomfoolery Show,,"United States, United Kingdom",1970,1971
The Toothbrush Family,,Australia,1977,1977
The Transformers,98,"US, Japan",1984,1986
The Trap Door,40,UK,1984,1986
The Ultraman,50,Japan,1979,1980
The Undersea Adventures of Captain Nemo,78,"Canada, US",1975,1978
The Underseas Explorers,,US,1961,1961
The Vampires,,Japan,1968,1968
The Wind in the Willows,124,UK,1984,1990
The Wonderful Adventures of Nils,52,Japan,1980,1981
The Wonderful Stories of Professor Kitzel,,US,1972,1972
The Wonderful Wizard of Oz,13,Japan,1986,1986
The Woody Woodpecker Show,,US,1957,1966
The Woody Woodpecker Show,,US,1970,1997
The World of Commander McBragg,48,US,1964,1964
The World of David the Gnome,26,"Spain, Netherlands",1985,1985
The World's Greatest Super Friends,8,US,1979,1979
The Wuzzles,13,US,1985,1985
The Yogi Bear Show,33,US,1961,1962
These Are the Days,16,US,1974,1975
Thomas & Friends,500+,"UK, US",1984,Present
Thundarr the Barbarian,21,US,1980,1982
Thunderbirds 2086,24,Japan,1982,1982
Thundercats,130,"US, Japan",1985,1989
Tiger Mask,105,Japan,1969,1971
Tiger Mask II,33,Japan,1981,1982
Time Bokan,63,Japan,1975,1976
Tobidase! Bacchiri,,Japan,1966,1966
Tobidase! Machine Hiryū,,Japan,1977,1977
Tokimeki Tonight,34,Japan,1982,1983
Tom of T.H.U.M.B,24,US,1966,1969
Tom Slick,17,US,1967,1967
Tom Terrific,26,US,1957,1959
Tonde Mon Pe,42,Japan,1982,1982
Tongari Boushi no Memoru,50,Japan,1984,1984
Tooter Turtle,26,US,1960,1960
Top Cat,30,US,1961,1962
Tosho Daimos,44,Japan,1978,1978
Touch,13,Japan,1985,1985
Touché Turtle and Dum Dum,52,US,1962,1963
Towser,26,UK,1984,1984
Treasure Island,26,Japan,1978,1979
Trider G7,50,Japan,1980,1981
Triton of the Sea,27,Japan,1972,1973
Trollkins,26,US,1981,1982
Trumpton,,UK,1967,1967
Tsurikichi Sampei,26,Japan,1980,1980
Turbo Teen,13,US,1984,1985
Twinkles,26,US,1960,1960
U.S. of Archie,16,US,1974,1976
Uchû Patrol Hoppa,,Japan,1965,1965
Uchû Shônen Soran,,Japan,1965,1965
Uchûjin Pipi,,Japan,1965,1965
Uchuu Kubo Blue Noah,27,Japan,1979,1979
UFO Warrior Dai Apolon,26,Japan,1976,1977
Ulysses 31,26,"Japan, France",1981,1981
Umeboshi Denka,,Japan,1969,1969
Uncle Croc's Block,,US,1975,1975
Undercover Elephant,13,US,1977,1977
Underdog,124,US,1964,1967
Urusei Yatsura,195,Japan,1981,1986
Valley of the Dinosaurs,16,US,1974,1975
Vicky the Viking,78,"Japan, West Germany, Austria",1974,1975
Victor & Maria,26,UK,1983,1983
Video Warrior Laserion,45,Japan,1984,1985
Voltron,124,"US, Japan",1984,1985
Wacky and Packy,,US,1975,1975
Wacky Races,34,US,1968,1969
Wait Till Your Father Gets Home,48,US,1972,1974
Wakakusa no Charlotte,30,Japan,1977,1978
Wakusei Robo Danguard Ace,56,Japan,1977,1978
Wally Gator,52,US,1962,1963
Walt Disney anthology TV series (various titles),,US,1954,Present
Wandering Sun,26,Japan,1971,1971
Wanpaku Omukashi Kum-Kum,26,Japan,1975,1975
Wanpaku Tankentai,,Japan,1968,1968
Warera Salary man Dô,,Japan,1970,1970
Warrior of Love Rainbowman,22,Japan,1982,1983
Wattoo Wattoo Super Bird,60,France,1978,1978
Web Woman,10,US,1978,1978
"Well, Just You Wait!",,"Soviet Union, Russia",1969,2006
What Should I Do?,,US,1969,1969
What's Michael?,13,Japan,1985,1985
"What's New, Mr. Magoo?",16,US,1977,1977
Wheelie and the Chopper Bunch,13,US,1974,1974
Where's Huddles?,10,United States,1970,1970
Wildfire,13,US,1986,1987
Will the Real Jerry Lewis Please Sit Down,18,United States,1970,1972
Willow the Wisp,26,UK,1981,1981
Winky Dink and You,65,US,1953,1957
Winky Dink and You,65,US,1969,1973
Winsome Witch,26,US,1965,1966
Wolf Rock TV,7,US,1984,1984
Wombles,60,UK,1973,1975
Wonder Beat Scramble,13,Japan,1986,1986
Wonder Wheels,16,US,1977,1977
X-Bomber,25,Japan,1980,1981
Yakky Doodle,33,US,1961,1961
Yakyū-kyō no Uta,,Japan,1977,1977
Yatterman,108,Japan,1977,1979
Yattodetaman,52,Japan,1981,1982
"Yippee, Yappee and Yahooey",23,US,1964,1965
Yogi Bear,35,US,1958,1960
Yogi's Gang,17,US,1973,1973
Yogi's Space Race,13,US,1978,1978
Yogi's Treasure Hunt,27,US,1985,1988
Yôkai Ningen Bem,,Japan,1968,1968
Yoroshiku Mechadoc,30,Japan,1984,1985
Yume No Hoshi No Button Nose,13,Japan,1985,1985
Yume Senshi Wingman,124,Japan,1984,1984
Yûsei Kamen,,Japan,1966,1966
Yuuyake Banchō,,Japan,1968,1968
Zen-chan Tsū-chan,,Japan,1969,1970
Zenderman,52,Japan,1979,1980
Zero Tester,,Japan,1973,1973
Zukkoke Knight Don De La Mancha,26,Japan,1980,1980